|Run	|Epoch	$RunName	#CorSim	#UnitErr	#PctErr	#PctCor	#PctErr2	#V4_AvgCaDiff	#V4_Gnmda	#V4_GgabaB	#V4_SSGi	#IT_AvgCaDiff	#IT_Gnmda	#IT_GgabaB	#IT_SSGi	#Output_AvgCaDiff	#Output_Gnmda	#Output_GgabaB	#Output_SSGi	#TstCorSim	#TstUnitErr	#TstPctCor	#TstPctErr	#PerTrlMSec	#V4_ActMAvg	#V4_ActMMax	#V4_MaxGeM	#V4_CorDiff	#V4_GiMult	#IT_ActMAvg	#IT_ActMMax	#IT_MaxGeM	#IT_CorDiff	#IT_GiMult	#Output_ActMAvg	#Output_ActMMax	#Output_MaxGeM	#Output_CorDiff	#Output_GiMult	#V1_ActAvg	#V4_PCA_NStrong	#V4_PCA_Top5	#V4_PCA_Next5	#V4_PCA_Rest	#IT_PCA_NStrong	#IT_PCA_Top5	#IT_PCA_Next5	#IT_PCA_Rest	#Output_PCA_NStrong	#Output_PCA_Top5	#Output_PCA_Next5	#Output_PCA_Rest
0	0	test_Base	0.03229	0.05	0.9062	0.09375	0.8438	0.000875	0.2323	0.2608	0.01478	0.008694	0.2114	0.1672	0.01104	-0.005803	0.04817	0.2709	0.02991	0	0	0	0	0	0.02871	0.3945	1.07	0.08622	1	0.02722	0.24	0.8813	0.2607	1	0.0216	0.2942	0.8628	0.9677	1	0.07628	69	0.1473	0.07049	0.004063	18	0.01785	0.0137	0.002	0	0.007013	0.005275	0.001193
0	1	test_Base	0.1305	0.05008	0.8516	0.1484	0.7031	-0.001813	0.2245	0.2497	0.01454	0.006198	0.2185	0.1599	0.01165	-0.008554	0.04821	0.2701	0.02835	0	0	0	0	163.9	0.02888	0.4047	1.11	0.0822	1	0.02668	0.2396	0.8184	0.2659	1	0.02492	0.3505	0.7742	0.8695	1	0.07317	69	0.1473	0.07049	0.004063	18	0.01785	0.0137	0.002	0	0.007013	0.005275	0.001193
0	2	test_Base	0.2824	0.04992	0.7031	0.2969	0.5234	-0.00173	0.2216	0.2442	0.01383	0.006281	0.2206	0.1524	0.01127	-0.008457	0.04906	0.2716	0.03253	0	0	0	0	161.6	0.0285	0.4166	1.16	0.07562	1	0.02651	0.2531	0.7763	0.2485	1	0.03072	0.4414	0.7317	0.7176	1	0.07135	69	0.1473	0.07049	0.004063	18	0.01785	0.0137	0.002	0	0.007013	0.005275	0.001193
0	3	test_Base	0.4043	0.0493	0.5547	0.4453	0.4297	-0.001803	0.2248	0.2371	0.01341	0.006673	0.2165	0.1548	0.01065	-0.008932	0.05029	0.2749	0.03233	0	0	0	0	159.8	0.02844	0.4488	1.193	0.07089	1	0.02652	0.2562	0.7481	0.2476	1	0.03424	0.503	0.7137	0.5957	1	0.06987	69	0.1473	0.07049	0.004063	18	0.01785	0.0137	0.002	0	0.007013	0.005275	0.001193
0	4	test_Base	0.4061	0.04695	0.5703	0.4297	0.4219	-0.001715	0.2276	0.2399	0.01442	0.006306	0.221	0.1417	0.01042	-0.009117	0.05016	0.2695	0.0335	0	0	0	0	158	0.02836	0.4977	1.223	0.06289	1	0.02597	0.2678	0.7354	0.2292	1	0.03999	0.5783	0.7099	0.5939	1	0.06864	69	0.1473	0.07049	0.004063	18	0.01785	0.0137	0.002	0	0.007013	0.005275	0.001193
